Location,City,School Name,School Link,School Location,Private Candidates Accepted
Indonesia,Aceh,Fatih Bilingual School,https://fatih.sch.id/,"Aceh, Indonesia",Yes
Indonesia,Aceh,Sekolah Sukma Bangsa Pidie,https://pidie.sukmabangsa.sch.id/,"Aceh, Indonesia",Yes
Indonesia,Aceh,SPK SMP- SMA Teuku Nyak Arif Fatih Bilingual School,http://www.tnafatih.sch.id,"Aceh, Indonesia",Yes
Indonesia,Bali,Tidak Tersedia,Tidak Tersedia,"Bali, Indonesia",No
Indonesia,Bali,Asian Intercultural School Bali,http://www.aisb.sch.id,"Bali, Indonesia",Yes
Indonesia,Bali,Bukit Sunrise School (BSS),http://www.bukitsunriseschool.com,"Bali, Indonesia",No
Indonesia,Bali,Canggu Community School,http://www.ccsbali.com,"Bali, Indonesia",No
Indonesia,Bali,Cendekia Harapan,http://www.balichildrenshouse.com,"Bali, Indonesia",Yes
Indonesia,Bali,Dyatmika School,http://www.dyatmika.org,"Bali, Indonesia",No
Indonesia,Bali,ProEd Global School,https://www.proedschool.com/,"Bali, Indonesia",Yes
Indonesia,Bali,Regents Primary School,http://www.regentschoolbali.com,"Bali, Indonesia",No
Indonesia,Bali,Regents Secondary School Bali,http://www.regentsschoolbali.com,"Bali, Indonesia",No
Indonesia,Bali,Santosa Intercultural School,http://www.doremischool.sch.id,"Bali, Indonesia",Yes
Indonesia,Bali,Sanur Independent School,http://www.sisbali.sch.id,"Bali, Indonesia",Yes
Indonesia,Bali,Sekolah Lentera Kasih,http://www.slkbali-lollypop.com,"Bali, Indonesia",No
Indonesia,Bali,Sekolah Stella Mundi,http://www.stellamundi.net/,"Bali, Indonesia",No
Indonesia,Bali,SPK SD CHIS DENPASAR,http://www.sekolahchis.com,"Bali, Indonesia",No
Indonesia,Bali,Taman Rama Intercultural School,http://www.ourbalischools.com,"Bali, Indonesia",Yes
Indonesia,Bali,The Gandhi Memorial Intercontinental School,http://www.gandhibali.org,"Bali, Indonesia",No
Indonesia,Bali,Tunjung Sari School,http://www.tunjungsarischool.com/,"Bali, Indonesia",Yes
Indonesia,Balikpapan,Bina Bangsa School - Balikpapan,http://www.binabangsaschool.com,"Balikpapan, Indonesia",No
Indonesia,Balikpapan,Harapan Bangsa,https://www.hbics.sch.id/,"Balikpapan, Indonesia",Yes
Indonesia,Balikpapan,Raffles Independent School,http://www.raffles.sch.id,"Balikpapan, Indonesia",Yes
Indonesia,Bandar Lampung,Pelita Bangsa School,http://www.pelitabangsa.info,"Bandar Lampung, Indonesia",No
Indonesia,Bandar Lampung,Stella Gracia School Lampung,http://www.stellagracia.com,"Bandar Lampung, Indonesia",No
Indonesia,Bandung,Al-Irsyad Satya Islamic School,http://www.alirsyadsatya.sch.id,"Bandung, Indonesia",Yes
Indonesia,Bandung,Bina Bangsa School - Bandung,http://www.binabangsaschool.com,"Bandung, Indonesia",Yes
Indonesia,Bandung,BPK Penabur Bandung,http://www.dcp.penabur.sch.id,"Bandung, Indonesia",No
Indonesia,Bandung,Darul Hikam Integrated School,http://www.primarydhis.sch.id,"Bandung, Indonesia",Yes
Indonesia,Bandung,Global Prestasi School Bandung,http://www.globalprestasi.sch.id,"Bandung, Indonesia",No
Indonesia,Bandung,Nehru Memorial School,http://nehrumemorialinternationalschool.blogspot.com,"Bandung, Indonesia",Yes
Indonesia,Bandung,NURUL FIKRI BOARDING SCHOOL LEMBANG,http://www.nfbslembang.sch.id,"Bandung, Indonesia",Yes
Indonesia,Bandung,Sekolah Bina Persada,http://www.sekolahbinapersada.com/,"Bandung, Indonesia",Yes
Indonesia,Bandung,Sekolah BPK PENABUR Banda,http://www.pissecondary.sch.id,"Bandung, Indonesia",No
Indonesia,Bandung,Sekolah Mutiara Nusantara,http://www.smc.sch.id,"Bandung, Indonesia",No
Indonesia,Bandung,SPK PRIBADI Bandung,http://www.pribadibandung.sch.id/,"Bandung, Indonesia",Yes
Indonesia,Bandung,Temasek Independent School,http://www.temasekintl.org/,"Bandung, Indonesia",No
Indonesia,Batam,Madrasah Aliyah Negeri (MAN) 1 Kota Batam,http://manbatam.sch.id,"Batam, Indonesia",Yes
Indonesia,Batam,MTsN 1 Batam,http://www.mtsn1batam.sch.id,"Batam, Indonesia",Yes
Indonesia,Batam,Sekolah Djuwita,http://www.sekolahdjuwita.sch.id,"Batam, Indonesia",Yes
Indonesia,Batam,Sekolah Global Indo-Asia,http://www.sgiaedu.org/,"Batam, Indonesia",No
Indonesia,Batam,Sekolah Kallista,http://www.kallista-btm.sch.id,"Batam, Indonesia",Yes
Indonesia,Batu,Al Izzah International Islamic Boarding School,https://alizzah-batu.sch.id/,"Batu, Indonesia",No
Indonesia,Bekasi,Binus School Bekasi,http://www.binus.bekasi.sch.id,"Bekasi, Indonesia",Yes
Indonesia,Bekasi,Global Prestasi School,http://www.globalprestasi.sch.id,"Bekasi, Indonesia",No
Indonesia,Bekasi,John Paul's School,http://www.johnpaulschool.sch.id,"Bekasi, Indonesia",Yes
Indonesia,Bekasi,Kinderfield and Highfield School Bekasi,http://www.kinderfield.sch.id,"Bekasi, Indonesia",No
Indonesia,Bekasi,QUBA Islamic School,http://www.quba.sch.id,"Bekasi, Indonesia",Yes
Indonesia,Bekasi,Sekolah Paradisa Cendekia,http://www.spc.sch.id,"Bekasi, Indonesia",Yes
Indonesia,Bekasi,Sekolah Pelita Harapan Lippo Cikarang,http://www.sph.ac.id,"Bekasi, Indonesia",No
Indonesia,Bekasi,Unity School,http://www.unity.sch.id,"Bekasi, Indonesia",No
Indonesia,Bogor,Al-Taqwa College,https://altaqwacollegeindonesia.com/,"Bogor, Indonesia",Yes
Indonesia,Bogor,Bosowa Bina Insani School,http://bogor.bosowaschool.sch.id,"Bogor, Indonesia",Yes
Indonesia,Bogor,Fitrah Islamic World Academy (FIWA),http://fiwaschool.com,"Bogor, Indonesia",Yes
Indonesia,Bogor,Knowledge Link Intercultural School,http://www.klis.sch.id,"Bogor, Indonesia",Yes
Indonesia,Bogor,Madania School,http://madania.sch.id,"Bogor, Indonesia",Yes
Indonesia,Bogor,Sampoerna Academy Sentul Campus,http://www.sampoernaacademy.sch.id,"Bogor, Indonesia",Yes
Indonesia,Bogor,Sekolah Bogor Raya,http://www.sekolahbogorraya.com/,"Bogor, Indonesia",No
Indonesia,Bogor,Sekolah Cahaya Rancamaya,https://scr.sch.id/,"Bogor, Indonesia",Yes
Indonesia,Cirebon,Kinderfield Highfield School Cirebon,http://www.kinderfield.sch.id,"Cirebon, Indonesia",No
Indonesia,Cirebon,Sekolah Pelita Bangsa,http://www.pelitabangsa.com,"Cirebon, Indonesia",Yes
Indonesia,Depok,Kinderfield Highfield School Depok,https://kinderfieldhighfield.sch.id/,"Depok, Indonesia",No
Indonesia,Depok,Pribadi Depok School,https://pribadidepok.sch.id/,"Depok, Indonesia",No
Indonesia,Depok,"Springfield School, RH Campus",http://www.springfield.sch.id/,"Depok, Indonesia",No
Indonesia,Gresik,Sekolah NU Trate Gresik,http://www.sdnu1-terate-gresik.com,"Gresik, Indonesia",No
Indonesia,Jakarta,ACG School Jakarta,https://www.jakarta.acgedu.com/,"Jakarta, Indonesia",No
Indonesia,Jakarta,ACS Jakarta,http://www.acsjakarta.sch.id,"Jakarta, Indonesia",No
Indonesia,Jakarta,Al Azhar Rawamangun,https://www.yapi.sch.id/,"Jakarta, Indonesia",No
Indonesia,Jakarta,Bakti Mulya 400,http://www.baktimulya400.sch.id,"Jakarta, Indonesia",Yes
Indonesia,Jakarta,Beacon Academy,http://www.beaconacademy.net/,"Jakarta, Indonesia",No
Indonesia,Jakarta,Bina Bangsa School - KJ Primary,http://www.binabangsaschool.com,"Jakarta, Indonesia",No
Indonesia,Jakarta,Bina Bangsa School - Pantai Indah Kapuk,http://www.binabangsaschool.com/,"Jakarta, Indonesia",No
Indonesia,Jakarta,Bina Bangsa School - PIK Primary,http://www.binabangsaschool.com,"Jakarta, Indonesia",No
Indonesia,Jakarta,Bina Bangsa School Kebon Jeruk,http://www.binabangsaschool.com/,"Jakarta, Indonesia",No
Indonesia,Jakarta,Bina Tunas Bangsa School,http://www.btbschool.org,"Jakarta, Indonesia",No
Indonesia,Jakarta,Bina Tunas Bangsa School Pluit Putri,http://www.btbschool.org,"Jakarta, Indonesia",No
Indonesia,Jakarta,BINUS SCHOOL Serpong,http://serpong.binus.sch.id,"Jakarta, Indonesia",Yes
Indonesia,Jakarta,BPK PENABUR Jakarta,http://www.pistd.sch.id/,"Jakarta, Indonesia",No
Indonesia,Jakarta,BPK Penabur Jakarta - Kelapa Gading,https://www.penabur-inter.sch.id/,"Jakarta, Indonesia",No
Indonesia,Jakarta,"British School, Jakarta",https://www.bsj.sch.id/,"Jakarta, Indonesia",No
Indonesia,Jakarta,Bukit Sion School,http://www.bukitsion.sch.id,"Jakarta, Indonesia",Yes
Indonesia,Jakarta,Bunda Mulia School,https://bundamulia.sch.id,"Jakarta, Indonesia",Yes
Indonesia,Jakarta,Centre for International Education of Universitas Al-Azhar Indonesia (CIE of UAI),http://www.cieofuai.wordpress.com,"Jakarta, Indonesia",Yes
Indonesia,Jakarta,Direktorat Dikdasmen YPI Al Azhar,http://www.al-azhar.or.id,"Jakarta, Indonesia",No
Indonesia,Jakarta,El Shaddai Intercontinental School,http://www.elshaddaischool.com,"Jakarta, Indonesia",No
Indonesia,Jakarta,Embun Pagi Islamic School,https://embunpagi.sch.id/,"Jakarta, Indonesia",Yes
Indonesia,Jakarta,Gandhi Memorial Intercontinental School Jakarta,http://www.gandhijkt.org,"Jakarta, Indonesia",Yes
Indonesia,Jakarta,Gandhi School Jakarta (Ancol),http://www.gandhiancol.org,"Jakarta, Indonesia",No
Indonesia,Jakarta,Global Nusantara School,http://gns.sch.id,"Jakarta, Indonesia",No
Indonesia,Jakarta,Global Sevilla Pulo Mas,http://www.globalsevilla.org,"Jakarta, Indonesia",No
Indonesia,Jakarta,Global Sevilla Puri Indah,http://www.globalsevilla.org./puriindah/,"Jakarta, Indonesia",Yes
Indonesia,Jakarta,Holy Angels School,https://www.holyangels.sch.id/,"Jakarta, Indonesia",No
Indonesia,Jakarta,Ichthus School,http://www.ichthusschool.com,"Jakarta, Indonesia",Yes
Indonesia,Jakarta,Ichthus School West Campus,http://www.ichthusschool.com,"Jakarta, Indonesia",Yes
Indonesia,Jakarta,Jubilee School,http://www.jubilee-jkt.sch.id/,"Jakarta, Indonesia",Yes
Indonesia,Jakarta,Kairos Gracia Christian Primary School,http://www.kairosgracia.sch.id,"Jakarta, Indonesia",No
Indonesia,Jakarta,Kairos Gracia Christian School,http://www.kgracia.sch.id,"Jakarta, Indonesia",No
Indonesia,Jakarta,Kanaan Global School,http://www.kanaanglobal.sch.id/,"Jakarta, Indonesia",Yes
Indonesia,Jakarta,Kinderfield Highfield School,http://www.highfield.sch.id,"Jakarta, Indonesia",Yes
Indonesia,Jakarta,Lazuardi Global Compassionate School,http://www.lazuardi-gis.net,"Jakarta, Indonesia",Yes
Indonesia,Jakarta,Lilin Bangsa Intercultural School,http://www.lilinbangsa.sch.id,"Jakarta, Indonesia",Yes
Indonesia,Jakarta,Madina Islamic School,http://www.madinaschool.sch.id,"Jakarta, Indonesia",No
Indonesia,Jakarta,Madrasah Istiqlal Jakarta,http://www.mij.sch.id,"Jakarta, Indonesia",No
Indonesia,Jakarta,Mahatma Gading Intercultural School,http://www.mahatmagading.org.id/,"Jakarta, Indonesia",Yes
Indonesia,Jakarta,Mahatma Gandhi School,http://www.mgsjkt.sch.id,"Jakarta, Indonesia",Yes
Indonesia,Jakarta,Man 4 Jakarta,https://man4jkt.sch.id/,"Jakarta, Indonesia",Yes
Indonesia,Jakarta,Mentari Intercultural School Grand Surya - Primary,http://www.mentari.sch.id/index_elementary.html,"Jakarta, Indonesia",Yes
Indonesia,Jakarta,Mentari Intercultural School Grand Surya - Secondary,http://www.mentari.sch.id,"Jakarta, Indonesia",Yes
Indonesia,Jakarta,Montessori Gading Permata School,https://montessorigadingpermataschool.sch.id/,"Jakarta, Indonesia",Yes
Indonesia,Jakarta,Narada School,http://www.naradaschool.sch.id,"Jakarta, Indonesia",Yes
Indonesia,Jakarta,NationalHigh Jakarta School,http://www.nh.piagetacademy.org,"Jakarta, Indonesia",No
Indonesia,Jakarta,Pelangi Kasih School,http://www.pelangikasih.or.id,"Jakarta, Indonesia",No
Indonesia,Jakarta,Pelita Bangsa School,http://www.pelitabangsa.info,"Jakarta, Indonesia",Yes
Indonesia,Jakarta,Permai School,http://www.permai.school,"Jakarta, Indonesia",No
Indonesia,Jakarta,Playfield Primary School Srengseng,https://playfield.co.id/,"Jakarta, Indonesia",No
Indonesia,Jakarta,Playhouse Academy-ACS Campus,http://www.playhouseacademy.id,"Jakarta, Indonesia",No
Indonesia,Jakarta,Playhouse Academy-Palma Tower,http://www.playhouseacademy.id/,"Jakarta, Indonesia",No
Indonesia,Jakarta,QLC School,http://qlcschool.co.id,"Jakarta, Indonesia",Yes
Indonesia,Jakarta,Raffles Christian School,http://www.raffles-international.org,"Jakarta, Indonesia",Yes
Indonesia,Jakarta,Raffles Christian School (KelapaGading),http://www.raffles-psb.sch.id,"Jakarta, Indonesia",Yes
Indonesia,Jakarta,Raffles Christian School (Pondok Indah),http://www.raffles-international.org,"Jakarta, Indonesia",Yes
Indonesia,Jakarta,Saint Nicholas School,http://www.st-nicholas.sch.id,"Jakarta, Indonesia",No
Indonesia,Jakarta,Sampoerna Academy L'Avenue Campus,https://www.sampoernaacademy.sch.id/jakarta-campus/#pll_switcher,"Jakarta, Indonesia",Yes
Indonesia,Jakarta,SD Bakti Mulya 400,http://www.baktimulya400.sch.id,"Jakarta, Indonesia",Yes
Indonesia,Jakarta,SDS Permata Harapan,http://www.kinderfield.sch.id,"Jakarta, Indonesia",No
Indonesia,Jakarta,Sekolah Bina Gita Gemilang,http://www.sbgg.sch.id,"Jakarta, Indonesia",Yes
Indonesia,Jakarta,Sekolah Cita Persada,http://www.citapersada.sch.id,"Jakarta, Indonesia",Yes
Indonesia,Jakarta,Sekolah Harapan Prestasi,http://www.harapanprestasi.com,"Jakarta, Indonesia",Yes
Indonesia,Jakarta,Sekolah Lentera Indonesia,https://sli-edu.org/id/,"Jakarta, Indonesia",Yes
Indonesia,Jakarta,"Sekolah Lentera Kasih, Sunter",http://www.lenterakasih.org/,"Jakarta, Indonesia",Yes
Indonesia,Jakarta,Sekolah Mahabodhi Vidya,http://www.mahabodhividya.sch.id,"Jakarta, Indonesia",Yes
Indonesia,Jakarta,Sekolah Noah,http://www.sekolahnoah.sch.id/,"Jakarta, Indonesia",No
Indonesia,Jakarta,Sekolah Pelita Harapan Kemang Village,http://www.sph.edu,"Jakarta, Indonesia",Yes
Indonesia,Jakarta,Sekolah Pelita Harapan Pluit Village,http://www.sph.edu,"Jakarta, Indonesia",No
Indonesia,Jakarta,Sekolah Perkumpulan Mandiri Elementary School,http://www.spm.sch.id,"Jakarta, Indonesia",Yes
Indonesia,Jakarta,Sekolah Perkumpulan Mandiri Secondary School,http://www.spm.sch.id,"Jakarta, Indonesia",Yes
Indonesia,Jakarta,Sinarmas World Academy,http://swa-jkt.com,"Jakarta, Indonesia",No
Indonesia,Jakarta,"Singapore Intercultural School, South Jakarta",https://sisschools.org/sis-southjakarta/id/,"Jakarta, Indonesia",No
Indonesia,Jakarta,Singapore School Kelapa Gading,https://sisschools.org/sis-kg/id,"Jakarta, Indonesia",No
Indonesia,Jakarta,"Singapore School, Pantai Indah Kapuk",http://www.sis-pik.com,"Jakarta, Indonesia",No
Indonesia,Jakarta,Sman Unggulan M. H. Thamrin,http://www.smanu-smanu.sch.id,"Jakarta, Indonesia",Yes
Indonesia,Jakarta,SPK Saint Peter's School,http://www.saintpeter.sch.id/,"Jakarta, Indonesia",Yes
Indonesia,Jakarta,Springfield School,http://www.springfield.sch.id,"Jakarta, Indonesia",No
Indonesia,Jakarta,"Springfield School, PB2 Campus",http://www.springfield.sch.id,"Jakarta, Indonesia",No
Indonesia,Jakarta,Tzu Chi School,https://tzuchi.sch.id/,"Jakarta, Indonesia",No
Indonesia,Jakarta,Universal School,http://www.universalschool.id,"Jakarta, Indonesia",Yes
Indonesia,Jakarta,Universal School,http://www.universalschool.id,"Jakarta, Indonesia",No
Indonesia,Jakarta Barat,TARSISIUS II SCHOOL,https://www.tarsisius2.sch.id/,"Jakarta Barat, Indonesia",Yes
Indonesia,Jambi,Karunia Global School,http://www.karuniaglobalschooljambi.sch.id.,"Jambi, Indonesia",No
Indonesia,Jambi,Sinar Bijaksana Guang Ming School Jambi,http://www.guangmingschool.sch.id,"Jambi, Indonesia",Yes
Indonesia,Jember,Pelita Hati School,http://www.pelitahati.sch.id/,"Jember, Indonesia",Yes
Indonesia,Jombang,SMA Darul Ulum 2 Unggulan BPPT Jombang,http://www.smulandu2-jbg.sch.id,"Jombang, Indonesia",No
Indonesia,Kendari,Ummusshabri Islamic School,https://ummusshabri.sch.id/,"Kendari, Indonesia",Yes
Indonesia,Kupang,Stella Gracia School Kupang,http://www.stellagracia.com,"Kupang, Indonesia",Yes
Indonesia,Lombok Island,Mandalika Intercultural School,http://www.mandalikaschool.org,"Lombok Island, Indonesia",Yes
Indonesia,Lombok Island,Sekolah Nusa Alam,https://nusaalam.sch.id/,"Lombok Island, Indonesia",Yes
Indonesia,Malang,Bina Bangsa School,http://binabangsaschool.com,"Malang, Indonesia",Yes
Indonesia,Malang,Institute for Developing Laboratory Education,http://wwwp2lp.um.ac.id,"Malang, Indonesia",No
Indonesia,Malang,PJ Global School,https://www.pjglobalschool.sch.id/,"Malang, Indonesia",Yes
Indonesia,Malang,SD My Little Island,http://www.mylittleisland.sch.id,"Malang, Indonesia",Yes
Indonesia,Malang,Thursina IIBS,https://thursinaiibs.sch.id/,"Malang, Indonesia",Yes
Indonesia,Medan,Chandra Kumala School,http://www.chandrakumala.com,"Medan, Indonesia",Yes
Indonesia,Medan,Fontem Academy,http://www.fontemacademy.com/,"Medan, Indonesia",Yes
Indonesia,Medan,Kingston School,http://www.kingston-school.com,"Medan, Indonesia",Yes
Indonesia,Medan,Prime One School,http://www.pos.sch.id,"Medan, Indonesia",Yes
Indonesia,Medan,Sampoerna Academy Medan,https://www.sampoernaacademy.sch.id/,"Medan, Indonesia",Yes
Indonesia,Medan,"Singapore School, Medan",https://www.sisschools.org/sis-medan,"Medan, Indonesia",Yes
Indonesia,Medan,Yayasan Pendidikan Shafiyyatul Amaliyyah,http://www.ypsa.id,"Medan, Indonesia",Yes
Indonesia,Palembang,SIS Palembang,http://www.sisschools.org,"Palembang, Indonesia",Yes
Indonesia,Palembang,SMA Negeri Sumatera Selatan,http://www.smansumsel.sch.id/,"Palembang, Indonesia",Yes
Indonesia,Ponorogo,Tidak Tersedia,Tidak Tersedia,"Ponorogo, Indonesia",Yes
Indonesia,Pontianak,SEKOLAH KRISTEN IMMANUEL,https://ski.sch.id/,"Pontianak, Indonesia",Yes
Indonesia,Pontianak,Sekolah Tunas Bangsa,http://www.tunasbangsa.sch.id,"Pontianak, Indonesia",Yes
Indonesia,Purwakarta,Rama Global School,http://www.ramaschool.com,"Purwakarta, Indonesia",No
Indonesia,Riau,Indonesian Creative School,http://www.icspekanbaru.com,"Riau, Indonesia",No
Indonesia,Riau,Sekolah Mutiara Harapan,http://www.smh.sch.id,"Riau, Indonesia",No
Indonesia,Riau,Stella Gracia School Pekanbaru,http://www.stellagracia.com,"Riau, Indonesia",Yes
Indonesia,Samarinda,Cita Hati Christian School - Samarinda Campus,http://www.bchati.sch.id,"Samarinda, Indonesia",Yes
Indonesia,Semarang,Bina Bangsa School - Semarang,http://www.binabangsaschool.com,"Semarang, Indonesia",Yes
Indonesia,Semarang,BINUS SCHOOL Semarang,http://semarang.binus.sch.id,"Semarang, Indonesia",Yes
Indonesia,Semarang,Gandhi Memorial Intercontinental School,https://gmiss.edupage.org/,"Semarang, Indonesia",Yes
Indonesia,Semarang,Maria Regina School,http://www.mariareginaschool.sch.id,"Semarang, Indonesia",No
Indonesia,Semarang,Permata Bangsa School,https://permatabangsa.school/,"Semarang, Indonesia",Yes
Indonesia,Semarang,Semarang Multinational School,http://www.semarangis.or.id,"Semarang, Indonesia",No
Indonesia,Semarang,"Singapore School, Semarang",http://www.sisschools.org,"Semarang, Indonesia",Yes
Indonesia,Semarang,SMP-SMA Semesta,http://www.semestaschool.sch.id,"Semarang, Indonesia",Yes
Indonesia,Semarang,Terang Bangsa Christian School,http://www.terbang.sch.id,"Semarang, Indonesia",Yes
Indonesia,Sidoarjo,Madrasah Muslimat NU Pucang Sidoarjo,http://www.minupucang.com/,"Sidoarjo, Indonesia",Yes
Indonesia,Sidoarjo,Sekolah Dasar Islam Kreatif Mutiara Anak Sholeh,http://mutiaraanaksholeh.sch.id,"Sidoarjo, Indonesia",Yes
Indonesia,Sragen,SMA Unggulan RUSHD,http://www.rushd.sch.id,"Sragen, Indonesia",Yes
Indonesia,Sulawesi Island,Al Madinah Islamic School Makassar,https://almadinahmakassar.sch.id/,"Sulawesi Island, Indonesia",No
Indonesia,Sulawesi Island,Bosowa School Makassar,http://www.bosowainternationalschool.sch.id,"Sulawesi Island, Indonesia",Yes
Indonesia,Sulawesi Island,Kidsstar School,http://www.kidsstarschool.com,"Sulawesi Island, Indonesia",Yes
Indonesia,Sulawesi Island,Manado Independent School,http://www.mis-mdo.sch.id,"Sulawesi Island, Indonesia",Yes
Indonesia,Sulawesi Island,Sekolah Dian Harapan Makassar,http://www.sdh.sch.id,"Sulawesi Island, Indonesia",No
Indonesia,Sulawesi Island,Tidak Tersedia,Tidak Tersedia,"Sulawesi Island, Indonesia",Yes
Indonesia,Sulawesi Island,Stella Gracia School Makassar,http://www.stellagracia.com,"Sulawesi Island, Indonesia",Yes
Indonesia,Surabaya,Al Falah Darmo Surabaya,https://alfalahsby.sch.id/https://alfalahsby.sch.id,"Surabaya, Indonesia",No
Indonesia,Surabaya,Al-Azhar Jawa Timur,https://newweb.alazhar-jatim.sch.id/,"Surabaya, Indonesia",Yes
Indonesia,Surabaya,Cita Hati Christian Senior School,http://www.bchati.sch.id,"Surabaya, Indonesia",No
Indonesia,Surabaya,Cita Hati Christian Senior School - West Campus,http://www.bchati.sch.id,"Surabaya, Indonesia",No
Indonesia,Surabaya,Elyon Christian School,http://www.elyon.sch.id,"Surabaya, Indonesia",Yes
Indonesia,Surabaya,Godwins School,http://www.godwinsschool.org,"Surabaya, Indonesia",Yes
Indonesia,Surabaya,Great Crystal Ind School,http://www.great.sch.id,"Surabaya, Indonesia",Yes
Indonesia,Surabaya,IPH Schools,http://www.iphschools.sch.id/,"Surabaya, Indonesia",Yes
Indonesia,Surabaya,IPH Schools 2,http://www.iphschools.sch.id,"Surabaya, Indonesia",Yes
Indonesia,Surabaya,JAC School,http://www.jacschool.com,"Surabaya, Indonesia",Yes
Indonesia,Surabaya,Little Sun School,http://www.littlesunschool.sch.id,"Surabaya, Indonesia",No
Indonesia,Surabaya,Mawar Sharon Christian School,http://www.mscs.sch.id,"Surabaya, Indonesia",Yes
Indonesia,Surabaya,Mawar Sharon Christian School-Secondary,http://www.mscs.sch.id,"Surabaya, Indonesia",Yes
Indonesia,Surabaya,Metta School,http://www.metta.sch.id,"Surabaya, Indonesia",Yes
Indonesia,Surabaya,MIMI SCHOOL SURABAYA,http://www.mimi-school.sch.id,"Surabaya, Indonesia",Yes
Indonesia,Surabaya,Nation Star Academy,http://www.nationstaracademy.sch.id,"Surabaya, Indonesia",Yes
Indonesia,Surabaya,Sampoerna Academy Surabaya Campus,http://www.sampoernaacademy.sch.id,"Surabaya, Indonesia",Yes
Indonesia,Surabaya,Tidak Tersedia,Tidak Tersedia,"Surabaya, Indonesia",No
Indonesia,Surabaya,SD Surabaya Cambridge School,http://surabayacambridge.sch.id,"Surabaya, Indonesia",No
Indonesia,Surabaya,Sekolah Alfalah Darussalam,http://www.alfalahdarussalam.sch.id,"Surabaya, Indonesia",No
Indonesia,Surabaya,Sekolah Khadijah Surabaya,http://www.ytpsnukhadijah.sch.id,"Surabaya, Indonesia",Yes
Indonesia,Surabaya,Singapore National Academy,http://www.sna.sch.id,"Surabaya, Indonesia",No
Indonesia,Surabaya,SIS Surabaya,http://sisschools.org,"Surabaya, Indonesia",Yes
Indonesia,Surabaya,Spins,http://www.spinschool.net,"Surabaya, Indonesia",Yes
Indonesia,Surabaya,Surabaya Cambridge School,http://surabayacambridge.sch.id,"Surabaya, Indonesia",Yes
Indonesia,Surabaya,Surabaya European School,https://surabayaeuropeanschool.com/,"Surabaya, Indonesia",No
Indonesia,Surabaya,Surabaya Grammar School,http://www.sgs.sch.id,"Surabaya, Indonesia",No
Indonesia,Surabaya,Surabaya Grammar School II,http://www.sgs.sch.id,"Surabaya, Indonesia",Yes
Indonesia,Surabaya,Xin Zhong School,http://www.xinzhong.sch.id,"Surabaya, Indonesia",No
Indonesia,Surabaya,Yayasan Pendidikan Kristen Gloria,http://www.gloriaschool.org,"Surabaya, Indonesia",No
Indonesia,Surakarta,Focus Independent School,http://www.fis.sch.id,"Surakarta, Indonesia",No
Indonesia,Surakarta,Kalam Kudus Christian School Surakarta Indonesia,https://www.skkksurakarta.sch.id/,"Surakarta, Indonesia",Yes
Indonesia,Surakarta,SD Islam Internasional (SDII) Al Abidin Surakarta,http://www.sdii.alabidin.sch.id,"Surakarta, Indonesia",Yes
Indonesia,Surakarta,Singapore Piaget Academy Solo Raya,http://www.spasolo.sch.id,"Surakarta, Indonesia",Yes
Indonesia,Surakarta,SMA Al-Abidin Bilingual Boarding School,https://abbs.alabidin.sch.id/,"Surakarta, Indonesia",Yes
Indonesia,Surakarta,SMA Pradita Dirgantara,https://sma.praditadirgantara.sch.id/,"Surakarta, Indonesia",Yes
Indonesia,SURAKARTA,SD Kristen Kalam Kudus,http://www.skkksurakarta.sch.id,"SURAKARTA, Indonesia",Yes
Indonesia,Tangerang,Binus School Serpong (Elementary),https://serpong.binus.sch.id/,"Tangerang, Indonesia",No
Indonesia,Tangerang,Global Islamic School 2 Serpong,https://gisserpong.sch.id/,"Tangerang, Indonesia",Yes
Indonesia,Tangerang,Insan Cendekia Madani School,http://www.icm.sch.id,"Tangerang, Indonesia",Yes
Indonesia,Tangerang,Jakarta Multicultural School,http://www.jms.sch.id/,"Tangerang, Indonesia",Yes
Indonesia,Tangerang,Jakarta Nanyang School,http://www.jny.sch.id,"Tangerang, Indonesia",Yes
Indonesia,Tangerang,Khalifa IMS,http://www.khalifaims.sch.id,"Tangerang, Indonesia",Yes
Indonesia,Tangerang,Kharisma Bangsa,http://www.kharismabangsa.sch.id,"Tangerang, Indonesia",Yes
Indonesia,Tangerang,Mentari Intercultural School Bintaro,http://www.mis.sch.id,"Tangerang, Indonesia",Yes
Indonesia,Tangerang,Mutiara Harapan Islamic School,http://www.mutiaraharapan.sch.id,"Tangerang, Indonesia",Yes
Indonesia,Tangerang,Sampoerna Academy BSD Campus,http://sampoernaacademy.sch.id,"Tangerang, Indonesia",Yes
Indonesia,Tangerang,SD Islam Terpadu Auliya,https://info.sekolahauliya.sch.id,"Tangerang, Indonesia",No
Indonesia,Tangerang,Sekolah Cikal Serpong,https://www.cikal.co.id/,"Tangerang, Indonesia",Yes
Indonesia,Tangerang,Sekolah Harapan Bangsa,https://www.shb.sch.id/,"Tangerang, Indonesia",Yes
Indonesia,Tangerang,Sekolah Harapan Bangsa - Secondary,http://www.shb.sch.id,"Tangerang, Indonesia",Yes
Indonesia,Tangerang,Sekolah Harapan Bangsa Modernhill,http://www.shb.sch.id/,"Tangerang, Indonesia",No
Indonesia,Tangerang,Sekolah Mentari Bangsa,https://www.instagram.com/sekolahmentaribangsa/,"Tangerang, Indonesia",No
Indonesia,Tangerang,SMP-SMA Islam Terpadu Auliya,https://info.sekolahauliya.sch.id,"Tangerang, Indonesia",No
Indonesia,Tangerang,Sophos School Indonesia,http://www.sophos.or.id/,"Tangerang, Indonesia",No
Indonesia,Tangerang,St. Johannes Berchmans School,https://stjbs.sch.id,"Tangerang, Indonesia",No
Indonesia,Tangerang,Stella Maris School,http://www.stella-maris.sch.id,"Tangerang, Indonesia",Yes
Indonesia,Tangerang,Tunas Bangsa Christian School,http://www.tbcs.sch.id,"Tangerang, Indonesia",No
Indonesia,Tegal,Global Inbyra School,http://www.sekolahgis.com,"Tegal, Indonesia",No
Indonesia,West Jakarta,SMA WARDAYA,https://wardayaonline.com,"West Jakarta, Indonesia",Yes
Indonesia,West Jakarta,VIANNEY SCHOOL,https://www.vianney.sch.id/,"West Jakarta, Indonesia",Yes
Indonesia,Yogyakarta,Al Azhar Yogyakarta,http://www.alazhar-yogyakarta.com,"Yogyakarta, Indonesia",No
Indonesia,Yogyakarta,Tidak Tersedia,Tidak Tersedia,"Yogyakarta, Indonesia",No
Indonesia,Yogyakarta,MADRASAH MUALLIMAAT MUHAMMADIYAH,http://www.muallimaat.sch.id,"Yogyakarta, Indonesia",Yes
Indonesia,Yogyakarta,MADRASAH MUALLIMIN MUHAMMADIYAH,http://www.muallimin.sch.id,"Yogyakarta, Indonesia",Yes
Indonesia,Yogyakarta,Mutiara Persada School,http://www.mutiarapersada.sch.id,"Yogyakarta, Indonesia",No
Indonesia,Yogyakarta,Olifant School,http://www.olifantschool.com,"Yogyakarta, Indonesia",No
Indonesia,Yogyakarta,SMA Negeri 1 Teladan Yogyakarta,http://www.sman1yogya.sch.id,"Yogyakarta, Indonesia",Yes
Indonesia,Yogyakarta,SMP-SMA Kesatuan Bangsa,https://www.kesatuanbangsa.sch.id,"Yogyakarta, Indonesia",No
